1,Chan,Lamartine,clamartine0@ucsd.edu,Male,229.237.167.252
2,Juliette,Delaprelle,jdelaprelle1@apache.org,Female,36.158.194.21
3,Tore,Mangeot,tmangeot2@disqus.com,Male,176.117.239.86
4,Ramsay,Haberfield,rhaberfield3@answers.com,Male,6.158.117.205
5,Cloris,Arnley,carnley4@livejournal.com,Female,53.135.81.14
6,Beatrisa,Lukacs,blukacs5@domainmarket.com,Female,156.232.191.192
7,Winston,Carren,wcarren6@gnu.org,Male,183.130.157.13
8,Marya,Brissenden,mbrissenden7@ask.com,Female,151.132.138.87
9,Cyrus,Sherwill,csherwill8@adobe.com,Male,190.250.65.11
10,Kial,Isakovitch,kisakovitch9@purevolume.com,Female,114.144.1.107
11,Elly,Borrow,eborrowa@usnews.com,Female,45.100.58.164
12,Maximo,Eichmann,meichmannb@irs.gov,Male,150.136.105.206
13,Chryste,Dunbavin,cdunbavinc@sfgate.com,Female,19.9.173.72
14,Winslow,MacSkeagan,wmacskeagand@patch.com,Male,185.187.120.179
15,Guido,Paydon,gpaydone@alexa.com,Male,58.68.27.43
16,Rasla,Mora,rmoraf@imdb.com,Female,14.0.169.143
17,Alyosha,Gonnin,agonning@jalbum.net,Male,21.130.232.66
18,Jordon,Osgar,josgarh@skype.com,Male,233.118.166.203
19,Katie,Dakhno,kdakhnoi@angelfire.com,Female,113.11.98.92
20,Audre,Cheeseman,acheesemanj@plala.or.jp,Female,72.170.58.64
21,Claudine,Juggins,cjugginsk@godaddy.com,Female,42.14.1.142
22,Maxy,Hotchkin,mhotchkinl@typepad.com,Female,118.165.56.130
23,Lauryn,Sommerfeld,lsommerfeldm@salon.com,Female,37.56.111.46
24,Kaja,Karpman,kkarpmann@netlog.com,Female,105.211.121.239
25,Hermann,Chomiszewski,hchomiszewskio@posterous.com,Male,9.198.139.182
26,Rey,Joerning,rjoerningp@symantec.com,Male,210.204.4.253
27,Rebekah,Creagh,rcreaghq@networkadvertising.org,Female,7.254.120.223
28,Kristy,Willbourne,kwillbourner@google.com.br,Female,183.181.168.171
29,Genny,Cholerton,gcholertons@craigslist.org,Female,199.143.204.67
30,Kevan,Asbery,kasberyt@arizona.edu,Male,184.171.111.216
31,Eugenie,Edmeads,eedmeadsu@wufoo.com,Female,27.236.69.233
32,Morganne,Cornbill,mcornbillv@exblog.jp,Female,173.235.15.147
33,Mary,Brabin,mbrabinw@un.org,Female,98.180.107.125
34,Annalise,Kleinsinger,akleinsingerx@boston.com,Female,34.91.141.27
35,Erl,Rutland,erutlandy@artisteer.com,Male,171.39.203.183
36,Pepito,Pietasch,ppietaschz@webs.com,Male,226.156.34.203
37,Lauren,Orum,lorum10@digg.com,Male,205.174.85.120
38,Elfrida,Dempster,edempster11@zdnet.com,Female,135.39.41.15
39,Georgie,Trenoweth,gtrenoweth12@issuu.com,Male,241.131.75.148
40,Ethe,Harbour,eharbour13@ucsd.edu,Male,74.95.154.207
41,Daisie,Tucsell,dtucsell14@netvibes.com,Female,164.14.241.178
42,Susana,Bazire,sbazire15@earthlink.net,Female,238.1.86.94
43,Caralie,Settle,csettle16@delicious.com,Female,216.172.152.115
44,Jenda,Mouatt,jmouatt17@telegraph.co.uk,Female,85.179.239.8
45,Joey,Orr,jorr18@constantcontact.com,Male,119.182.250.99
46,Natala,Warn,nwarn19@umn.edu,Female,119.240.152.48
47,Cathe,Boleyn,cboleyn1a@latimes.com,Female,254.173.243.22
48,Angelita,Beamiss,abeamiss1b@qq.com,Female,118.7.39.172
49,Gert,Stapells,gstapells1c@addtoany.com,Female,2.72.6.75
50,Rosalyn,Fallens,rfallens1d@mapy.cz,Female,208.63.173.57
51,Zarah,Turmell,zturmell1e@unc.edu,Female,197.33.106.24
52,Georgianne,Giamo,ggiamo1f@dot.gov,Female,144.115.102.152
53,Polly,Surgenor,psurgenor1g@chron.com,Female,208.208.157.36
54,Babb,Gunbie,bgunbie1h@cam.ac.uk,Female,115.70.142.136
55,Andy,Coathup,acoathup1i@artisteer.com,Male,132.15.175.146
56,Rolando,Giggs,rgiggs1j@themeforest.net,Male,195.41.204.7
57,Kelli,Temblett,ktemblett1k@aol.com,Female,106.229.66.167
58,Yetty,Salan,ysalan1l@cam.ac.uk,Female,43.192.111.115
59,Nelie,Adne,nadne1m@deviantart.com,Female,152.28.217.200
60,Isabeau,Huertas,ihuertas1n@bandcamp.com,Female,149.152.42.156
61,Fidole,Bambrugh,fbambrugh1o@zdnet.com,Male,11.30.143.93
62,Erik,Poncet,eponcet1p@mapquest.com,Male,178.209.66.149
63,Kip,Rouf,krouf1q@wsj.com,Male,151.29.63.184
64,Kelli,Jovanovic,kjovanovic1r@hao123.com,Female,212.35.83.62
65,Nell,Cobbold,ncobbold1s@bigcartel.com,Female,193.16.169.181
66,Jerad,Stobbe,jstobbe1t@gov.uk,Male,49.136.108.6
67,Huberto,Vasyunkin,hvasyunkin1u@sun.com,Male,88.130.128.219
68,Huntley,Clipston,hclipston1v@craigslist.org,Male,92.204.26.69
69,Amelie,Domanek,adomanek1w@goo.ne.jp,Female,86.221.103.213
70,Aldin,Fulstow,afulstow1x@t.co,Male,219.67.129.16
71,Cash,Drummond,cdrummond1y@newyorker.com,Male,34.35.156.109
72,Dmitri,McCloughlin,dmccloughlin1z@facebook.com,Male,78.30.50.156
73,Louis,Pash,lpash20@dmoz.org,Male,88.251.22.238
74,Irvine,Bartali,ibartali21@xing.com,Male,78.27.107.5
75,Chane,Killshaw,ckillshaw22@illinois.edu,Male,208.159.20.151
76,Rozanne,Newbold,rnewbold23@reuters.com,Female,75.132.169.66
77,Mattie,Cosgrave,mcosgrave24@csmonitor.com,Female,159.66.123.220
78,Ines,Eitter,ieitter25@amazon.de,Female,187.153.248.2
79,Amalita,Butterly,abutterly26@symantec.com,Female,211.57.44.49
80,Deeann,Wadsworth,dwadsworth27@photobucket.com,Female,217.148.70.202
81,Trip,Aird,taird28@google.com.br,Male,143.59.142.165
82,Phylys,Radin,pradin29@furl.net,Female,199.33.173.200
83,Jacquelin,Durgan,jdurgan2a@uol.com.br,Female,52.83.201.75
84,Lazaro,Cordall,lcordall2b@theguardian.com,Male,72.42.84.169
85,Meredith,Fellowes,mfellowes2c@blogger.com,Female,154.27.198.210
86,Dunn,Somerbell,dsomerbell2d@diigo.com,Male,118.29.137.129
87,Way,Blakeborough,wblakeborough2e@hhs.gov,Male,43.155.9.106
88,Hersh,Shewsmith,hshewsmith2f@intel.com,Male,254.156.253.186
89,Nessi,Buckham,nbuckham2g@comcast.net,Female,136.166.216.89
90,Glyn,Zoellner,gzoellner2h@bbb.org,Female,145.170.238.148
91,Vally,Algate,valgate2i@eventbrite.com,Female,115.67.127.24
92,Charlie,Rupel,crupel2j@wix.com,Male,139.21.249.228
93,Cherin,Standing,cstanding2k@umich.edu,Female,181.140.144.114
94,Claudianus,Casewell,ccasewell2l@linkedin.com,Male,92.124.196.167
95,Valera,Niles,vniles2m@51.la,Female,249.195.254.254
96,Barnabas,Gouthier,bgouthier2n@sphinn.com,Male,174.244.61.115
97,Toddie,Flatman,tflatman2o@mlb.com,Male,81.166.111.45
98,Bink,Helder,bhelder2p@flickr.com,Male,128.174.106.185
99,Maridel,Iashvili,miashvili2q@berkeley.edu,Female,152.44.129.56
100,Kassi,Eby,keby2r@ucla.edu,Female,16.116.134.142
101,Celeste,Lisle,clisle2s@gnu.org,Female,8.129.20.69
102,Rheta,Scamerdine,rscamerdine2t@deliciousdays.com,Female,57.0.113.209
103,Tori,Henaughan,thenaughan2u@seesaa.net,Female,135.44.247.12
104,Eve,Curr,ecurr2v@miitbeian.gov.cn,Female,250.60.73.197
105,Kip,Ruusa,kruusa2w@elpais.com,Female,97.79.200.81
106,Germaine,Slader,gslader2x@salon.com,Male,177.11.109.103
107,Arabelle,Iorizzo,aiorizzo2y@paypal.com,Female,72.211.229.232
108,Richmond,McIlhatton,rmcilhatton2z@nps.gov,Male,211.158.6.2
109,Marijn,Godfray,mgodfray30@army.mil,Male,221.153.129.192
110,Eberto,Le Bosse,elebosse31@google.com.hk,Male,107.199.76.150
111,Vina,Merriday,vmerriday32@1und1.de,Female,35.118.187.253
112,Roselin,Demange,rdemange33@newsvine.com,Female,242.148.30.210
113,Garey,Hoggetts,ghoggetts34@hp.com,Male,30.42.104.167
114,Artemas,Lindores,alindores35@purevolume.com,Male,109.249.212.250
115,Minor,Thorley,mthorley36@tumblr.com,Male,161.189.182.128
116,Wiatt,Jacob,wjacob37@shinystat.com,Male,1.146.173.93
117,Adora,Fuxman,afuxman38@miibeian.gov.cn,Female,191.151.149.64
118,Hatty,Ellor,hellor39@yellowpages.com,Female,4.195.135.103
119,Penelope,Brastead,pbrastead3a@list-manage.com,Female,12.179.229.210
120,Florida,Dyball,fdyball3b@engadget.com,Female,207.133.85.224
121,Clementia,Mannix,cmannix3c@seesaa.net,Female,78.243.196.230
122,Patrica,Lammie,plammie3d@furl.net,Female,88.83.5.81
123,Porter,Schimank,pschimank3e@dot.gov,Male,36.189.225.52
124,Onofredo,Asling,oasling3f@networksolutions.com,Male,224.69.48.42
125,Pansy,Barizeret,pbarizeret3g@google.fr,Female,146.47.88.246
126,Ashlie,Gant,agant3h@wufoo.com,Female,133.130.213.246
127,Jarvis,De Pero,jdepero3i@mashable.com,Male,226.201.95.104
128,Hagan,Fugere,hfugere3j@odnoklassniki.ru,Male,231.19.226.62
129,Arman,Rotchell,arotchell3k@comcast.net,Male,149.130.230.90
130,Cassi,Pittle,cpittle3l@cam.ac.uk,Female,135.91.187.12
131,Tobey,Gadeaux,tgadeaux3m@weebly.com,Female,220.250.8.252
132,Delmar,Frary,dfrary3n@addtoany.com,Male,10.64.100.98
133,Rorie,Styche,rstyche3o@dropbox.com,Female,235.17.248.78
134,Dermot,O'Fogerty,dofogerty3p@cyberchimps.com,Male,109.27.107.214
135,Howie,Ithell,hithell3q@ycombinator.com,Male,27.202.57.58
136,Glynn,Gilmartin,ggilmartin3r@moonfruit.com,Male,157.209.206.127
137,Germaine,Deppe,gdeppe3s@cargocollective.com,Male,176.172.84.244
138,Gamaliel,Fitzroy,gfitzroy3t@printfriendly.com,Male,141.29.38.183
139,Nikki,Brandts,nbrandts3u@elegantthemes.com,Female,156.94.148.156
140,Sherrie,Mulvy,smulvy3v@sakura.ne.jp,Female,147.169.143.233
141,Jeanette,Bucham,jbucham3w@scientificamerican.com,Female,117.90.131.203
142,Olivia,Clere,oclere3x@delicious.com,Female,158.125.211.109
143,Barnie,Whiles,bwhiles3y@netlog.com,Male,86.154.115.68
144,Osmond,Deners,odeners3z@dell.com,Male,78.1.253.7
145,Merrill,Heindrich,mheindrich40@ibm.com,Male,113.245.108.196
146,Gennifer,Chatteris,gchatteris41@sun.com,Female,190.47.116.91
147,Alix,Pease,apease42@comsenz.com,Male,101.145.47.120
148,Mendel,Brummitt,mbrummitt43@de.vu,Male,196.162.124.176
149,Bartolemo,Belham,bbelham44@deliciousdays.com,Male,114.214.160.182
150,Penelope,Pilsbury,ppilsbury45@ameblo.jp,Female,26.181.180.12
151,Wittie,Kulis,wkulis46@hc360.com,Male,108.140.217.94
152,Evered,Tulk,etulk47@wsj.com,Male,50.244.185.101
153,Eunice,Lawday,elawday48@huffingtonpost.com,Female,57.193.195.117
154,Heidie,Wastall,hwastall49@psu.edu,Female,18.13.238.221
155,Matthus,Ashcroft,mashcroft4a@nymag.com,Male,156.167.241.170
156,Chelsae,Menzies,cmenzies4b@eventbrite.com,Female,232.188.105.123
157,Dwayne,Bedin,dbedin4c@intel.com,Male,206.240.51.39
158,Idaline,Jaukovic,ijaukovic4d@wordpress.com,Female,41.244.180.74
159,Kerrie,McGready,kmcgready4e@ftc.gov,Female,132.231.46.133
160,Harland,Phillps,hphillps4f@barnesandnoble.com,Male,235.74.15.80
161,Titos,Seeds,tseeds4g@mtv.com,Male,68.57.153.91
162,Marve,Bruneau,mbruneau4h@ow.ly,Male,194.93.189.127
163,Nerty,Marrows,nmarrows4i@virginia.edu,Female,211.156.27.13
164,Candis,Laurenz,claurenz4j@digg.com,Female,36.23.229.118
165,Rad,Veschambes,rveschambes4k@cdbaby.com,Male,125.178.61.7
166,Estelle,Wolledge,ewolledge4l@ca.gov,Female,205.113.192.187
167,Lannie,Allett,lallett4m@linkedin.com,Male,230.222.26.120
168,Lonnie,Geany,lgeany4n@quantcast.com,Male,24.4.77.86
169,Ced,Phettiplace,cphettiplace4o@ihg.com,Male,241.31.188.190
170,Phelia,Kember,pkember4p@dailymail.co.uk,Female,201.93.108.133
171,Kimmie,Blaschke,kblaschke4q@tinyurl.com,Female,232.202.220.240
172,Lucila,Summerskill,lsummerskill4r@drupal.org,Female,242.147.37.217
173,Charlton,Gallgher,cgallgher4s@miibeian.gov.cn,Male,65.94.169.100
174,Ches,Tibb,ctibb4t@youtube.com,Male,147.170.70.221
175,Dela,Brawn,dbrawn4u@nationalgeographic.com,Female,68.169.130.195
176,Ailbert,Tourner,atourner4v@patch.com,Male,85.155.69.108
177,Shirl,Simanenko,ssimanenko4w@japanpost.jp,Female,92.198.121.13
178,Freida,Robez,frobez4x@indiegogo.com,Female,57.59.176.224
179,Coreen,Mouse,cmouse4y@icq.com,Female,150.32.223.68
180,Kacey,Rickwood,krickwood4z@newsvine.com,Female,225.198.98.135
181,Nollie,Fullerton,nfullerton50@wix.com,Female,185.73.190.195
182,Beatrix,Hamblington,bhamblington51@cyberchimps.com,Female,205.110.55.51
183,Kaylil,Bouchier,kbouchier52@pbs.org,Female,94.150.178.49
184,Cherish,Gerasch,cgerasch53@tinyurl.com,Female,140.183.129.202
185,Roley,Lefever,rlefever54@ocn.ne.jp,Male,55.184.174.145
186,Janessa,Pattrick,jpattrick55@ft.com,Female,73.32.81.125
187,Shaylah,Jakes,sjakes56@facebook.com,Female,77.123.20.112
188,Sebastian,Chipping,schipping57@free.fr,Male,198.191.149.125
189,Boyce,Bromby,bbromby58@irs.gov,Male,190.44.61.0
190,Sharon,Skechley,sskechley59@sciencedaily.com,Female,139.55.92.175
191,Mavra,Pryor,mpryor5a@guardian.co.uk,Female,47.118.65.69
192,Nealson,McNeill,nmcneill5b@taobao.com,Male,187.208.86.160
193,Marieann,Kivelle,mkivelle5c@nifty.com,Female,177.42.124.173
194,Archibold,Chettle,achettle5d@goo.gl,Male,95.140.117.77
195,Abra,Grigoriscu,agrigoriscu5e@live.com,Female,220.57.240.233
196,Austina,Proppers,aproppers5f@ifeng.com,Female,14.179.97.12
197,Ira,Subhan,isubhan5g@google.ca,Female,169.169.135.81
198,Rupert,Craydon,rcraydon5h@cbsnews.com,Male,250.19.175.109
199,Devina,Van der Merwe,dvandermerwe5i@barnesandnoble.com,Female,139.103.48.197
200,Berri,Scrogges,bscrogges5j@yolasite.com,Female,131.176.41.31
201,Ferdinand,Damiral,fdamiral5k@csmonitor.com,Male,36.82.125.231
202,Gavin,Hune,ghune5l@nbcnews.com,Male,224.250.134.146
203,Kassia,Trehearne,ktrehearne5m@soundcloud.com,Female,11.194.250.227
204,Ignace,Imesen,iimesen5n@plala.or.jp,Male,111.136.109.122
205,Lucy,Malsher,lmalsher5o@friendfeed.com,Female,126.187.24.170
206,Charlie,Spavon,cspavon5p@xinhuanet.com,Male,38.215.97.190
207,Thaxter,Lankester,tlankester5q@usatoday.com,Male,85.107.58.113
208,Madge,Causier,mcausier5r@dedecms.com,Female,70.186.125.85
209,Karlen,Mattusevich,kmattusevich5s@amazonaws.com,Female,174.176.53.65
210,Lynn,Lindores,llindores5t@utexas.edu,Male,49.172.229.157
211,Lannie,Queripel,lqueripel5u@sogou.com,Male,110.161.202.108
212,Emmalee,de Quincey,edequincey5v@cafepress.com,Female,206.100.213.52
213,Lucine,Vittore,lvittore5w@theguardian.com,Female,146.50.118.161
214,Maxi,Cesconi,mcesconi5x@de.vu,Female,134.12.15.246
215,Millard,Merton,mmerton5y@timesonline.co.uk,Male,233.145.144.102
216,Mirelle,MacKnight,mmacknight5z@hp.com,Female,26.72.10.230
217,Rachel,Laingmaid,rlaingmaid60@odnoklassniki.ru,Female,134.22.18.244
218,Coralyn,Scotchmur,cscotchmur61@marketwatch.com,Female,145.105.227.219
219,Giovanni,Lapidus,glapidus62@ox.ac.uk,Male,174.204.97.66
220,Ophelie,Bletsor,obletsor63@google.com.br,Female,228.166.86.211
221,Nataline,Motherwell,nmotherwell64@typepad.com,Female,20.176.252.34
222,Antonia,Maudett,amaudett65@angelfire.com,Female,95.12.19.155
223,Doroteya,Kave,dkave66@wordpress.org,Female,210.30.76.230
224,Wit,Joddins,wjoddins67@ca.gov,Male,125.108.99.55
225,Chance,Manders,cmanders68@4shared.com,Male,245.138.155.200
226,Jacqueline,Lakenton,jlakenton69@amazon.de,Female,49.119.120.1
227,Baily,Kelbie,bkelbie6a@examiner.com,Male,217.99.102.133
228,Wheeler,Layland,wlayland6b@bloomberg.com,Male,41.225.16.104
229,Redd,Bradwell,rbradwell6c@weebly.com,Male,160.57.112.65
230,Zachery,Izakof,zizakof6d@diigo.com,Male,113.20.53.184
231,Jorrie,Illesley,jillesley6e@telegraph.co.uk,Female,7.87.172.208
232,Nikolaos,Vautrey,nvautrey6f@cbc.ca,Male,102.48.78.213
233,Marlyn,Itshak,mitshak6g@merriam-webster.com,Female,205.148.43.233
234,Dorothy,Fontin,dfontin6h@nationalgeographic.com,Female,11.163.22.147
235,Homerus,Rickets,hrickets6i@phoca.cz,Male,149.152.193.78
236,Ambros,Delacoste,adelacoste6j@uol.com.br,Male,44.16.7.10
237,Menard,Behnecken,mbehnecken6k@wired.com,Male,38.188.108.173
238,Giralda,De Carlo,gdecarlo6l@vk.com,Female,179.134.224.238
239,Herc,Braisby,hbraisby6m@mashable.com,Male,164.131.155.254
240,Jolyn,Twelvetree,jtwelvetree6n@freewebs.com,Female,124.61.185.137
241,Olympia,Northwood,onorthwood6o@imgur.com,Female,131.212.221.75
242,Kelcey,Adnams,kadnams6p@europa.eu,Female,236.13.149.43
243,George,Alcott,galcott6q@pbs.org,Female,179.46.141.138
244,Alden,Sparkwill,asparkwill6r@hud.gov,Male,141.140.248.154
245,Florie,Ennor,fennor6s@themeforest.net,Female,176.82.27.179
246,Madelon,Medgewick,mmedgewick6t@scribd.com,Female,81.2.108.251
247,Karna,Colbeck,kcolbeck6u@free.fr,Female,21.230.219.108
248,Whit,McMakin,wmcmakin6v@fema.gov,Male,134.38.85.41
249,Holli,Keelan,hkeelan6w@shutterfly.com,Female,245.247.239.160
250,Brendan,Sigmund,bsigmund6x@discovery.com,Male,217.210.149.129
251,Edan,Footitt,efootitt6y@slideshare.net,Male,44.51.91.191
252,Clarabelle,Barajaz,cbarajaz6z@quantcast.com,Female,150.144.87.63
253,Sherrie,Denny,sdenny70@whitehouse.gov,Female,36.233.212.87
254,Darlene,MacCrackan,dmaccrackan71@liveinternet.ru,Female,119.175.250.80
255,Erwin,Rickarsey,erickarsey72@goo.gl,Male,9.50.9.66
256,Dedra,Bunner,dbunner73@behance.net,Female,36.201.70.209
257,Jo-ann,Ferrant,jferrant74@slate.com,Female,154.127.121.231
258,Gordy,Hexum,ghexum75@omniture.com,Male,102.81.176.129
259,Fulvia,Antonat,fantonat76@mapy.cz,Female,72.102.60.163
260,Arvy,Plumridege,aplumridege77@cargocollective.com,Male,131.5.238.239
261,Jase,Bencher,jbencher78@eventbrite.com,Male,137.129.14.176
262,Ethelyn,Selley,eselley79@telegraph.co.uk,Female,79.159.33.88
263,Aldis,Lohrensen,alohrensen7a@tamu.edu,Male,198.113.70.117
264,Agnella,Blaker,ablaker7b@chronoengine.com,Female,209.124.59.164
265,Filippa,Sim,fsim7c@utexas.edu,Female,212.153.216.37
266,Marigold,Casellas,mcasellas7d@house.gov,Female,70.197.17.139
267,Gabie,Burtwhistle,gburtwhistle7e@imageshack.us,Male,237.143.16.88
268,Yancy,Clayden,yclayden7f@squarespace.com,Male,149.44.14.196
269,Carlina,Carine,ccarine7g@sciencedirect.com,Female,206.111.211.14
270,Esmaria,Baitson,ebaitson7h@weibo.com,Female,156.213.244.3
271,Marnie,Halmkin,mhalmkin7i@stumbleupon.com,Female,105.65.198.109
272,Dion,Garwell,dgarwell7j@techcrunch.com,Female,5.138.42.244
273,Towny,Giovanazzi,tgiovanazzi7k@foxnews.com,Male,129.69.166.194
274,Susann,Sheardown,ssheardown7l@com.com,Female,202.31.57.25
275,Kathi,Troake,ktroake7m@wikia.com,Female,61.172.61.100
276,Colet,Willeman,cwilleman7n@telegraph.co.uk,Male,62.75.96.134
277,Monika,Boord,mboord7o@list-manage.com,Female,174.177.43.226
278,Margaux,Barham,mbarham7p@wsj.com,Female,2.199.82.234
279,Tedra,Stienton,tstienton7q@wordpress.org,Female,215.226.148.113
280,Meade,Jerzykiewicz,mjerzykiewicz7r@weather.com,Male,222.240.24.193
281,Emelyne,Whapple,ewhapple7s@google.nl,Female,199.131.130.254
282,Ephraim,MacKaig,emackaig7t@dmoz.org,Male,138.160.207.97
283,Jo,Juggins,jjuggins7u@boston.com,Male,103.166.201.220
284,Devonne,Wormald,dwormald7v@fastcompany.com,Female,45.185.138.167
285,Luis,Everitt,leveritt7w@printfriendly.com,Male,74.147.124.186
286,Reeva,Kilban,rkilban7x@buzzfeed.com,Female,46.127.199.167
287,Shelly,Poytheras,spoytheras7y@squidoo.com,Female,251.210.220.174
288,Bettye,Caddell,bcaddell7z@reuters.com,Female,104.13.246.45
289,Cly,Crumb,ccrumb80@nba.com,Male,51.76.215.156
290,Leyla,Broomfield,lbroomfield81@chron.com,Female,159.220.172.4
291,Myles,Bowater,mbowater82@slashdot.org,Male,92.246.78.59
292,Ofilia,Duddy,oduddy83@state.tx.us,Female,38.190.37.241
293,Goddart,Esmead,gesmead84@nsw.gov.au,Male,63.148.250.165
294,Marice,Brimner,mbrimner85@businessweek.com,Female,223.139.158.167
295,Tanner,Crookston,tcrookston86@wsj.com,Male,252.238.65.45
296,Sapphire,Jirusek,sjirusek87@usgs.gov,Female,35.159.20.33
297,Gerhard,Standring,gstandring88@aboutads.info,Male,225.40.211.58
298,Danika,Hazley,dhazley89@wikipedia.org,Female,107.242.113.111
299,Rollie,Huddy,rhuddy8a@unc.edu,Male,134.199.26.147
300,Ortensia,McCormack,omccormack8b@wix.com,Female,168.219.150.224
301,Sylas,Mould,smould8c@google.ru,Male,51.11.244.23
302,Olav,Vanezis,ovanezis8d@joomla.org,Male,227.26.130.244
303,Jens,Cuberley,jcuberley8e@cocolog-nifty.com,Male,37.38.226.23
304,Halli,Boltwood,hboltwood8f@sina.com.cn,Female,157.209.13.52
305,Cilka,Ratledge,cratledge8g@tripadvisor.com,Female,235.188.175.97
306,Sharron,Wardhaugh,swardhaugh8h@com.com,Female,245.171.113.73
307,Donella,Haton,dhaton8i@umn.edu,Female,87.37.132.175
308,Malina,Ridde,mridde8j@umich.edu,Female,209.173.143.80
309,Seward,Mandre,smandre8k@gizmodo.com,Male,137.109.200.159
310,Eal,Arnald,earnald8l@behance.net,Male,21.42.179.173
311,Cully,Hartfield,chartfield8m@wordpress.com,Male,1.93.162.204
312,Andreana,Lanham,alanham8n@fda.gov,Female,195.238.247.89
313,Avis,Burton,aburton8o@youku.com,Female,58.174.112.220
314,Jolene,Thunnerclef,jthunnerclef8p@prweb.com,Female,255.46.230.156
315,Pammi,West,pwest8q@ucoz.ru,Female,62.60.97.63
316,Gabie,Popple,gpopple8r@moonfruit.com,Male,81.77.156.96
317,Karna,Callard,kcallard8s@uiuc.edu,Female,66.65.58.194
318,Nicolis,Schoffel,nschoffel8t@comsenz.com,Male,25.243.171.211
319,Penelopa,Woolsey,pwoolsey8u@moonfruit.com,Female,106.83.104.19
320,Nonnah,Buret,nburet8v@ihg.com,Female,234.85.160.126
321,Dyanne,Benardet,dbenardet8w@un.org,Female,35.223.76.218
322,Alfred,Kalewe,akalewe8x@live.com,Male,182.28.103.251
323,Bevvy,Mosdill,bmosdill8y@infoseek.co.jp,Female,197.120.247.69
324,Rutledge,Fuke,rfuke8z@chicagotribune.com,Male,121.159.167.235
325,Allene,Hawkswood,ahawkswood90@bing.com,Female,126.95.1.113
326,Dave,Peegrem,dpeegrem91@utexas.edu,Male,26.206.220.23
327,Avrit,Fader,afader92@dagondesign.com,Female,82.232.152.69
328,Ivory,Cakebread,icakebread93@google.com.au,Female,156.26.203.216
329,Tore,Fenby,tfenby94@newyorker.com,Male,243.9.29.227
330,Zelig,Dinneen,zdinneen95@123-reg.co.uk,Male,195.211.245.48
331,Minta,Oke,moke96@china.com.cn,Female,207.210.61.84
332,Angelo,Rowe,arowe97@hexun.com,Male,228.79.223.205
333,Jackie,Tuffield,jtuffield98@mozilla.com,Male,56.208.252.199
334,Rene,Leathard,rleathard99@lulu.com,Female,205.114.226.133
335,Nowell,Charlon,ncharlon9a@upenn.edu,Male,93.168.79.86
336,Filmer,Greendale,fgreendale9b@forbes.com,Male,178.236.222.218
337,Shirline,Jeffry,sjeffry9c@clickbank.net,Female,65.220.79.91
338,Fred,Belliss,fbelliss9d@plala.or.jp,Male,236.215.8.215
339,Moyra,Turneaux,mturneaux9e@odnoklassniki.ru,Female,240.63.155.58
340,Gay,Tolfrey,gtolfrey9f@vinaora.com,Female,118.139.71.217
341,Lorin,Kemmey,lkemmey9g@sbwire.com,Male,105.84.196.8
342,Ruben,Setter,rsetter9h@rediff.com,Male,195.136.66.146
343,Berget,McGowing,bmcgowing9i@cornell.edu,Female,136.48.82.1
344,Ferne,Cruikshank,fcruikshank9j@patch.com,Female,223.223.24.153
345,Paddy,Valdes,pvaldes9k@blog.com,Male,205.85.141.89
346,Mayne,Sedgebeer,msedgebeer9l@nih.gov,Male,62.125.194.127
347,Filip,Cuncliffe,fcuncliffe9m@nymag.com,Male,124.0.214.152
348,Lilian,Stedman,lstedman9n@netvibes.com,Female,49.50.255.103
349,Horton,Pally,hpally9o@oracle.com,Male,226.71.10.131
350,Zachery,Todarini,ztodarini9p@studiopress.com,Male,137.109.56.244
351,Lacie,Iddens,liddens9q@time.com,Female,211.189.4.49
352,Allina,Gorman,agorman9r@sbwire.com,Female,101.224.20.19
353,Zaccaria,Bothe,zbothe9s@rediff.com,Male,20.238.188.201
354,Cobb,Ciementini,cciementini9t@deliciousdays.com,Male,133.137.86.12
355,Lucille,Canniffe,lcanniffe9u@netscape.com,Female,106.105.39.56
356,Hedda,Riolfo,hriolfo9v@cdc.gov,Female,173.176.245.246
357,Veronica,Masi,vmasi9w@marketwatch.com,Female,186.156.23.149
358,Arlan,Stede,astede9x@behance.net,Male,6.85.59.168
359,Renae,Neilson,rneilson9y@tuttocitta.it,Female,186.96.181.29
360,Coleman,Rene,crene9z@photobucket.com,Male,235.216.213.43
361,Raff,Salatino,rsalatinoa0@geocities.jp,Male,2.197.169.248
362,Virgina,Gouldbourn,vgouldbourna1@taobao.com,Female,116.207.19.247
363,Meghan,Gilliver,mgillivera2@dailymotion.com,Female,92.40.110.254
364,Panchito,Matijasevic,pmatijasevica3@icio.us,Male,254.85.27.19
365,Alene,Cometson,acometsona4@w3.org,Female,223.230.254.180
366,Hasty,Dudman,hdudmana5@xing.com,Male,137.126.31.67
367,Anya,Aizikovitz,aaizikovitza6@nyu.edu,Female,63.133.196.85
368,Stacee,Elderbrant,selderbranta7@umich.edu,Female,148.101.191.143
369,Kipper,Castagna,kcastagnaa8@slideshare.net,Male,113.95.48.138
370,Trixi,Lambole,tlambolea9@imgur.com,Female,200.163.53.167
371,Brett,Ellis,bellisaa@about.me,Female,19.197.61.243
372,Emelda,Sharnock,esharnockab@wikipedia.org,Female,135.186.22.84
373,Tyrone,Hrynczyk,thrynczykac@google.ca,Male,55.143.96.69
374,Adrian,Wonham,awonhamad@exblog.jp,Male,49.88.107.231
375,Urban,Shields,ushieldsae@bloglines.com,Male,18.221.13.59
376,Feliks,Hawkings,fhawkingsaf@forbes.com,Male,163.66.188.84
377,Renard,Izzett,rizzettag@marriott.com,Male,248.157.162.247
378,Lon,Southern,lsouthernah@google.co.uk,Male,84.171.202.174
379,Basilio,Bearward,bbearwardai@pcworld.com,Male,29.116.76.246
380,Samantha,Waymont,swaymontaj@addthis.com,Female,118.29.206.37
381,Wayne,Maseres,wmaseresak@mozilla.com,Male,184.50.49.8
382,Annecorinne,McCreary,amccrearyal@bravesites.com,Female,127.26.216.69
383,Roanna,Skydall,rskydallam@npr.org,Female,250.160.60.145
384,Olimpia,Children,ochildrenan@spotify.com,Female,55.216.172.160
385,Marianne,Vassall,mvassallao@ustream.tv,Female,181.228.174.232
386,Ofella,Weale,owealeap@ftc.gov,Female,207.159.228.79
387,Daisie,Kingsnode,dkingsnodeaq@deliciousdays.com,Female,30.38.159.89
388,Rennie,Woollin,rwoollinar@naver.com,Female,160.145.203.104
389,Nedi,Stivers,nstiversas@shop-pro.jp,Female,81.233.140.145
390,Dietrich,Johl,djohlat@t-online.de,Male,4.1.40.198
391,Rriocard,Lawty,rlawtyau@aol.com,Male,66.168.149.87
392,Ewell,Craghead,ecragheadav@php.net,Male,235.196.171.149
393,Rosalia,Fritter,rfritteraw@usgs.gov,Female,143.51.105.211
394,Carson,Macia,cmaciaax@slate.com,Male,219.96.209.165
395,Leo,Hablot,lhablotay@pcworld.com,Male,160.170.175.175
396,Arnaldo,Mattielli,amattielliaz@sogou.com,Male,84.12.135.132
397,Enoch,Durn,edurnb0@state.tx.us,Male,24.16.195.33
398,Benton,Brusle,bbrusleb1@skyrock.com,Male,88.23.114.2
399,Karisa,Carvell,kcarvellb2@mysql.com,Female,70.99.51.109
400,Gaven,Bolduc,gbolducb3@forbes.com,Male,226.212.12.96
401,Tye,Scone,tsconeb4@uol.com.br,Male,87.47.193.159
402,Arri,Mumbray,amumbrayb5@1und1.de,Male,184.112.228.1
403,Florencia,Dows,fdowsb6@baidu.com,Female,241.197.35.76
404,Ambur,Gaskin,agaskinb7@cbc.ca,Female,93.69.184.97
405,Kevon,Gallehawk,kgallehawkb8@tmall.com,Male,0.158.9.71
406,Janaye,Woolley,jwoolleyb9@google.co.uk,Female,123.149.68.135
407,Auguste,Pace,apaceba@ted.com,Female,158.27.56.210
408,Colline,Ramiro,cramirobb@sfgate.com,Female,114.6.88.184
409,Atalanta,Pau,apaubc@dagondesign.com,Female,174.180.122.18
410,Pancho,Bridgett,pbridgettbd@yandex.ru,Male,220.12.202.116
411,Simone,Pelcheur,spelcheurbe@theatlantic.com,Male,147.7.196.5
412,Ardis,Peacocke,apeacockebf@bluehost.com,Female,214.237.84.74
413,Dalia,Tackett,dtackettbg@com.com,Female,48.115.129.234
414,Ursa,McGivena,umcgivenabh@dagondesign.com,Female,182.225.57.49
415,Sim,Clardge,sclardgebi@un.org,Male,95.83.122.146
416,Zolly,Baptiste,zbaptistebj@washingtonpost.com,Male,250.153.131.121
417,Fanny,Birt,fbirtbk@barnesandnoble.com,Female,176.241.48.106
418,Paul,Friberg,pfribergbl@liveinternet.ru,Male,89.177.211.40
419,Freddie,Hansemann,fhansemannbm@over-blog.com,Female,8.188.14.155
420,Morgen,Haversham,mhavershambn@gov.uk,Male,164.72.138.12
421,Salli,Blaxton,sblaxtonbo@deliciousdays.com,Female,88.221.97.148
422,Riley,Balleine,rballeinebp@shinystat.com,Male,109.164.197.132
423,Starla,Iacovucci,siacovuccibq@diigo.com,Female,209.219.93.194
424,Lucy,Hadland,lhadlandbr@vkontakte.ru,Female,189.176.53.159
425,Jobey,Christy,jchristybs@bizjournals.com,Female,195.41.229.210
426,Eleen,Putten,eputtenbt@europa.eu,Female,61.221.172.175
427,Koren,Bauldry,kbauldrybu@nature.com,Female,126.102.48.103
428,Broddie,Woodruff,bwoodruffbv@skype.com,Male,173.211.191.183
429,Martie,Dradey,mdradeybw@usnews.com,Male,62.138.53.146
430,Matthaeus,Roubert,mroubertbx@dell.com,Male,154.210.93.169
431,Darelle,Baszkiewicz,dbaszkiewiczby@mail.ru,Female,58.216.82.156
432,Willis,Vasilischev,wvasilischevbz@dell.com,Male,171.125.111.246
433,Skyler,Stinton,sstintonc0@printfriendly.com,Male,38.177.54.109
434,Parker,Fabb,pfabbc1@time.com,Male,141.185.208.112
435,Dasya,Toye,dtoyec2@dailymail.co.uk,Female,120.252.51.87
436,Marcille,Gentery,mgenteryc3@cisco.com,Female,57.137.222.4
437,Angil,Wogan,awoganc4@nps.gov,Female,245.71.188.130
438,Hugo,Eneas,heneasc5@google.com,Male,178.112.117.231
439,Keary,Gowling,kgowlingc6@dropbox.com,Male,237.122.255.216
440,Fabe,McCrory,fmccroryc7@drupal.org,Male,57.222.250.63
441,Rosalie,Swyne,rswynec8@springer.com,Female,42.6.247.250
442,Karee,Hellsdon,khellsdonc9@narod.ru,Female,242.119.159.70
443,Lucretia,Kares,lkaresca@mozilla.com,Female,99.1.160.141
444,Lisette,Bill,lbillcb@slashdot.org,Female,4.182.102.154
445,Walliw,Gimbrett,wgimbrettcc@issuu.com,Female,0.95.178.101
446,Garwin,L' Estrange,glestrangecd@statcounter.com,Male,220.236.39.233
447,Barn,Origin,borigince@microsoft.com,Male,62.238.185.70
448,Normy,Bousler,nbouslercf@friendfeed.com,Male,81.191.128.143
449,Lisle,Hardeman,lhardemancg@unesco.org,Male,218.154.143.181
450,Holmes,Goudman,hgoudmanch@elpais.com,Male,64.0.17.155
451,Lindsay,Peterkin,lpeterkinci@reference.com,Female,19.154.228.62
452,Pooh,Annett,pannettcj@sfgate.com,Female,214.225.125.212
453,Perice,Paulat,ppaulatck@webnode.com,Male,63.146.94.6
454,Laura,Debrick,ldebrickcl@paginegialle.it,Female,124.105.104.137
455,Brade,Bonwell,bbonwellcm@bing.com,Male,184.42.76.234
456,Scotti,Doret,sdoretcn@google.de,Male,72.32.195.184
457,Isadora,Gobbett,igobbettco@bloglines.com,Female,206.213.30.20
458,Manolo,Renard,mrenardcp@nba.com,Male,161.81.146.230
459,Gwenneth,Hobden,ghobdencq@friendfeed.com,Female,39.24.23.113
460,Iago,Bog,ibogcr@patch.com,Male,82.182.61.123
461,Talia,Pedlow,tpedlowcs@zdnet.com,Female,8.178.53.117
462,Des,McShane,dmcshanect@who.int,Male,90.27.182.36
463,Katleen,Yellowley,kyellowleycu@samsung.com,Female,51.190.194.233
464,Alvan,Sitlington,asitlingtoncv@gizmodo.com,Male,64.221.215.96
465,Ulrike,Audus,uauduscw@surveymonkey.com,Female,55.170.203.133
466,Baudoin,Farnsworth,bfarnsworthcx@nymag.com,Male,159.67.69.75
467,Hervey,Ruppeli,hruppelicy@engadget.com,Male,202.11.138.133
468,Nadeen,Anetts,nanettscz@reuters.com,Female,150.40.28.23
469,Nealson,Ecles,neclesd0@nationalgeographic.com,Male,99.205.54.170
470,Graehme,Limeburner,glimeburnerd1@topsy.com,Male,28.37.164.48
471,Hildegarde,Darrach,hdarrachd2@omniture.com,Female,139.225.99.23
472,Jamison,Kinnaird,jkinnairdd3@ycombinator.com,Male,84.118.72.181
473,Clayborne,Oulett,coulettd4@sciencedirect.com,Male,197.77.90.165
474,Mallory,Reuss,mreussd5@nytimes.com,Male,136.38.43.172
475,Stacee,Boame,sboamed6@dedecms.com,Male,154.151.189.68
476,Burt,Idale,bidaled7@1688.com,Male,194.210.68.134
477,Annaliese,Shakshaft,ashakshaftd8@mapquest.com,Female,53.75.214.179
478,Averell,Steddall,asteddalld9@imdb.com,Male,20.65.53.238
479,Eli,Muggeridge,emuggeridgeda@exblog.jp,Male,98.123.161.114
480,Dwain,Bonn,dbonndb@yale.edu,Male,177.236.42.47
481,Concordia,Maud,cmauddc@time.com,Female,143.160.32.191
482,Ericha,Newlin,enewlindd@ycombinator.com,Female,172.214.240.152
483,Franny,Bunning,fbunningde@barnesandnoble.com,Female,175.229.156.236
484,Susanna,Skein,sskeindf@trellian.com,Female,230.112.182.194
485,Raquela,Rospars,rrosparsdg@europa.eu,Female,82.222.162.133
486,Gaby,Bearne,gbearnedh@altervista.org,Male,210.178.131.169
487,Bert,Hryniewicki,bhryniewickidi@buzzfeed.com,Female,2.234.157.236
488,Nolly,Nuttall,nnuttalldj@merriam-webster.com,Male,198.254.186.31
489,Cristi,Chown,cchowndk@storify.com,Female,161.241.128.57
490,Minnie,Skentelbury,mskentelburydl@livejournal.com,Female,164.100.22.139
491,Townie,Collett,tcollettdm@nhs.uk,Male,229.178.1.212
492,Cob,Clitherow,cclitherowdn@scribd.com,Male,225.247.86.41
493,Edita,Dysert,edysertdo@oracle.com,Female,39.30.70.124
494,Camellia,Mahon,cmahondp@scribd.com,Female,198.73.18.145
495,Kaye,Scoggan,kscoggandq@twitter.com,Female,3.185.226.248
496,Christabel,Caveau,ccaveaudr@zdnet.com,Female,66.214.83.21
497,Adelbert,Ferencz,aferenczds@jalbum.net,Male,37.242.46.245
498,Sarena,Gergler,sgerglerdt@wikispaces.com,Female,139.209.219.142
499,Clemmy,Nottingam,cnottingamdu@biblegateway.com,Male,253.166.213.188
500,Rose,Lerego,rleregodv@amazon.de,Female,78.170.95.133
501,Leontyne,Larciere,llarcieredw@cdc.gov,Female,135.99.75.148
502,Stacia,Kuhlmey,skuhlmeydx@feedburner.com,Female,30.220.76.73
503,Chas,Verty,cvertydy@parallels.com,Male,150.188.26.113
504,Phylis,Delacroux,pdelacrouxdz@odnoklassniki.ru,Female,229.5.37.213
505,Charlie,Cavnor,ccavnore0@usda.gov,Male,171.41.104.139
506,Biddy,Fosse,bfossee1@wikispaces.com,Female,216.47.100.101
507,Dolley,Jurisch,djurische2@miibeian.gov.cn,Female,2.217.163.136
508,Joyous,Blanch,jblanche3@yahoo.co.jp,Female,53.213.125.69
509,Sallyann,Kleehuhler,skleehuhlere4@pcworld.com,Female,13.38.160.205
510,Silvia,Gass,sgasse5@techcrunch.com,Female,37.200.147.157
511,Rabi,Durrand,rdurrande6@a8.net,Male,145.96.102.64
512,Francisca,Lincke,flinckee7@vistaprint.com,Female,48.229.85.180
513,Andie,Tubb,atubbe8@taobao.com,Female,205.218.246.249
514,Sallie,Billett,sbillette9@chicagotribune.com,Female,31.220.7.129
515,Keriann,Greder,kgrederea@dropbox.com,Female,117.127.69.206
516,Annie,Castanie,acastanieeb@discuz.net,Female,22.22.182.84
517,Jamaal,Sneath,jsneathec@oracle.com,Male,59.62.204.187
518,Sallyanne,Colegrove,scolegroveed@sourceforge.net,Female,205.162.158.166
519,Carolin,Simonot,csimonotee@google.es,Female,111.42.70.159
520,Annadiana,Tiller,atilleref@lulu.com,Female,230.61.102.220
521,Kirsten,Prahl,kprahleg@scribd.com,Female,82.118.207.67
522,Cristal,Aylin,caylineh@mapy.cz,Female,16.105.190.73
523,Jed,Bowcock,jbowcockei@china.com.cn,Male,12.120.196.163
524,Forster,Lowcock,flowcockej@vimeo.com,Male,147.161.112.4
525,Aluino,Oene,aoeneek@dailymotion.com,Male,74.80.11.163
526,Cchaddie,Abelov,cabelovel@timesonline.co.uk,Male,183.133.198.107
527,Merrile,Sleigh,msleighem@dagondesign.com,Female,153.237.111.180
528,Rafael,Moatt,rmoatten@so-net.ne.jp,Male,133.224.96.204
529,Salim,Tolwood,stolwoodeo@nbcnews.com,Male,164.68.9.14
530,Cinda,Christaeas,cchristaeasep@oakley.com,Female,190.135.29.32
531,Rahel,Pischof,rpischofeq@istockphoto.com,Female,118.71.95.34
532,Cherrita,Lampert,clamperter@webs.com,Female,102.31.1.107
533,Evered,Ashforth,eashforthes@hhs.gov,Male,121.67.89.170
534,Shanie,Yurmanovev,syurmanovevet@dailymotion.com,Female,109.83.25.255
535,Tyrus,Screas,tscreaseu@walmart.com,Male,195.68.24.176
536,Shepperd,Marian,smarianev@tiny.cc,Male,45.245.251.1
537,Cirillo,Langmead,clangmeadew@pen.io,Male,245.183.173.148
538,Edsel,Forsaith,eforsaithex@123-reg.co.uk,Male,12.99.118.62
539,Quinn,Dumberrill,qdumberrilley@linkedin.com,Male,83.160.32.82
540,Gauthier,Whaplington,gwhaplingtonez@squarespace.com,Male,154.56.29.60
541,Stephan,Anwell,sanwellf0@nbcnews.com,Male,202.77.19.221
542,Shepard,Askin,saskinf1@devhub.com,Male,122.23.79.70
543,Tudor,MacKeague,tmackeaguef2@edublogs.org,Male,149.135.232.228
544,Britni,Duffus,bduffusf3@delicious.com,Female,54.23.57.175
545,Sigfrid,Haselgrove,shaselgrovef4@arstechnica.com,Male,172.53.119.23
546,Lanni,MacPeake,lmacpeakef5@seesaa.net,Female,71.178.10.76
547,Armstrong,Gosker,agoskerf6@cnn.com,Male,149.204.69.96
548,Fonsie,Easter,feasterf7@cocolog-nifty.com,Male,245.195.229.74
549,Alistair,McKeachie,amckeachief8@ebay.co.uk,Male,154.71.208.200
550,Micheline,Bemrose,mbemrosef9@sitemeter.com,Female,45.32.245.123
551,Tremaine,Swoffer,tswofferfa@usatoday.com,Male,51.117.172.239
552,Brigitte,Acum,bacumfb@gizmodo.com,Female,244.16.111.249
553,Ricki,Elwin,relwinfc@pbs.org,Male,96.245.179.121
554,Barbabas,Callery,bcalleryfd@cdc.gov,Male,234.33.243.249
555,Grange,Becker,gbeckerfe@4shared.com,Male,40.147.43.74
556,Kermy,Comini,kcominiff@statcounter.com,Male,87.84.38.64
557,Lawrence,Leeman,lleemanfg@ucla.edu,Male,80.30.11.251
558,Efren,Grose,egrosefh@biblegateway.com,Male,223.244.2.240
559,Tomas,Burney,tburneyfi@mysql.com,Male,64.224.47.47
560,Joletta,Cowing,jcowingfj@blogspot.com,Female,15.149.166.214
561,Cher,Van der Merwe,cvandermerwefk@netlog.com,Female,184.115.133.228
562,Demetris,Bosence,dbosencefl@msu.edu,Male,244.57.154.118
563,Rickey,Martyns,rmartynsfm@mediafire.com,Male,37.189.163.62
564,Aurlie,Beneteau,abeneteaufn@godaddy.com,Female,109.121.50.126
565,Cassandry,Vaar,cvaarfo@hatena.ne.jp,Female,53.91.128.254
566,Martguerita,Lamplough,mlamploughfp@dropbox.com,Female,162.166.40.245
567,Floyd,Rymour,frymourfq@jimdo.com,Male,47.31.207.176
568,Felipe,Merrydew,fmerrydewfr@hostgator.com,Male,78.43.46.46
569,Olenolin,Olech,oolechfs@about.com,Male,119.173.63.121
570,Broddy,Bygate,bbygateft@moonfruit.com,Male,176.73.8.129
571,Warner,Dallander,wdallanderfu@soundcloud.com,Male,90.15.229.46
572,Marchall,Bellfield,mbellfieldfv@posterous.com,Male,107.126.59.213
573,Irma,Lavens,ilavensfw@mysql.com,Female,147.237.150.79
574,Kareem,Borkett,kborkettfx@aol.com,Male,169.45.50.112
575,Kiley,Deevey,kdeeveyfy@yelp.com,Male,214.76.127.46
576,Andi,Beer,abeerfz@seesaa.net,Female,238.177.32.90
577,Michele,De Maria,mdemariag0@naver.com,Female,66.65.118.30
578,Grace,Book,gbookg1@indiatimes.com,Female,59.17.187.30
579,Erica,Pinckney,epinckneyg2@sciencedirect.com,Female,104.35.128.174
580,Chip,Billborough,cbillboroughg3@virginia.edu,Male,68.250.218.70
581,Helsa,Pennini,hpenninig4@is.gd,Female,242.113.105.255
582,Torr,Causbey,tcausbeyg5@washington.edu,Male,92.89.240.67
583,Chilton,Asals,casalsg6@hubpages.com,Male,116.209.0.189
584,Lanny,Graysmark,lgraysmarkg7@cnbc.com,Male,171.79.238.239
585,Manon,Pennick,mpennickg8@a8.net,Female,103.53.206.55
586,Tanny,Blackmoor,tblackmoorg9@eepurl.com,Male,73.2.251.234
587,Bryn,Marnane,bmarnanega@topsy.com,Male,206.231.141.230
588,Shayna,Huguet,shuguetgb@dot.gov,Female,226.229.179.56
589,Gennifer,Barcke,gbarckegc@theatlantic.com,Female,32.152.198.82
590,Raimundo,Barff,rbarffgd@hp.com,Male,23.52.190.142
591,Dag,Christensen,dchristensenge@slashdot.org,Male,226.135.10.149
592,Romeo,Godspeede,rgodspeedegf@etsy.com,Male,240.48.238.167
593,Marylee,Dunnaway,mdunnawaygg@vkontakte.ru,Female,61.79.79.129
594,Natty,Ferrulli,nferrulligh@tinypic.com,Male,42.225.35.44
595,Joann,Lamberton,jlambertongi@de.vu,Female,28.95.92.132
596,Roman,Ness,rnessgj@redcross.org,Male,62.71.77.139
597,Quill,Dutch,qdutchgk@archive.org,Male,5.21.163.45
598,Pamella,Rainforth,prainforthgl@freewebs.com,Female,237.17.70.23
599,Garnet,Neachell,gneachellgm@ustream.tv,Female,223.39.172.196
600,Blythe,Casina,bcasinagn@wordpress.org,Female,221.203.178.138
601,Lauren,Carme,lcarmego@yelp.com,Female,14.95.20.181
602,Mariam,Halworth,mhalworthgp@hp.com,Female,191.25.241.39
603,Stephenie,Grece,sgrecegq@goo.ne.jp,Female,212.249.217.167
604,Vinnie,Dahlback,vdahlbackgr@webnode.com,Female,189.225.156.89
605,Kristofer,Aynsley,kaynsleygs@ft.com,Male,248.103.167.76
606,Rupert,Mordie,rmordiegt@economist.com,Male,98.104.231.187
607,Markus,Wands,mwandsgu@geocities.jp,Male,69.56.177.47
608,Art,Jakeman,ajakemangv@nba.com,Male,183.103.15.126
609,Sloane,Bridges,sbridgesgw@friendfeed.com,Male,95.131.185.95
610,Ralf,Crippen,rcrippengx@unesco.org,Male,114.85.221.248
611,Travers,Colbeck,tcolbeckgy@fastcompany.com,Male,146.133.22.112
612,Stanton,Bowmaker,sbowmakergz@timesonline.co.uk,Male,53.81.28.231
613,Ottilie,Fathers,ofathersh0@desdev.cn,Female,43.17.73.51
614,Thekla,Hurring,thurringh1@ustream.tv,Female,101.17.227.35
615,Hector,McNeish,hmcneishh2@tamu.edu,Male,175.232.3.98
616,Ebony,Godbold,egodboldh3@virginia.edu,Female,141.129.43.116
617,Will,Coate,wcoateh4@ihg.com,Male,135.191.23.152
618,Shelden,Groger,sgrogerh5@hostgator.com,Male,26.100.209.221
619,Bentley,Bondley,bbondleyh6@altervista.org,Male,242.1.153.3
620,Hunfredo,Irvin,hirvinh7@nationalgeographic.com,Male,140.129.12.29
621,Jaymie,Iaduccelli,jiaduccellih8@issuu.com,Male,235.219.8.63
622,Leonhard,Turneux,lturneuxh9@twitpic.com,Male,243.16.54.23
623,Felisha,Radnage,fradnageha@quantcast.com,Female,32.243.17.170
624,Caitlin,Pilfold,cpilfoldhb@nyu.edu,Female,133.189.247.10
625,Reade,Laroux,rlarouxhc@yandex.ru,Male,142.74.48.248
626,Kerrill,Meiner,kmeinerhd@google.fr,Female,39.107.254.176
627,Nada,Swanston,nswanstonhe@bloglovin.com,Female,137.112.75.245
628,Stinky,Slyman,sslymanhf@npr.org,Male,87.36.169.171
629,Sarita,Tyhurst,styhursthg@slideshare.net,Female,113.92.51.112
630,Axel,Borrott,aborrotthh@mtv.com,Male,165.163.103.179
631,Konrad,Windybank,kwindybankhi@goo.ne.jp,Male,51.108.131.142
632,Tyson,Nequest,tnequesthj@latimes.com,Male,181.76.127.189
633,Annmarie,Chorlton,achorltonhk@dyndns.org,Female,122.91.216.217
634,Crystal,Hampson,champsonhl@youku.com,Female,26.85.205.136
635,Rodolfo,Shearer,rshearerhm@ebay.co.uk,Male,186.166.101.56
636,Neilla,Whiteoak,nwhiteoakhn@illinois.edu,Female,47.1.160.214
637,Riley,Ragdale,rragdaleho@mtv.com,Male,205.73.10.16
638,Laural,Amsden,lamsdenhp@dagondesign.com,Female,90.41.96.86
639,Marney,Sarjant,msarjanthq@posterous.com,Female,92.74.253.12
640,Everard,Meyrick,emeyrickhr@skyrock.com,Male,144.138.8.77
641,Hobie,Goggen,hgoggenhs@hao123.com,Male,204.36.102.46
642,Orion,Wort,owortht@nbcnews.com,Male,220.94.65.46
643,Roxi,Runacres,rrunacreshu@cnn.com,Female,147.223.176.55
644,Catina,Shevill,cshevillhv@furl.net,Female,22.130.187.250
645,Conant,Anwyl,canwylhw@cpanel.net,Male,79.65.39.87
646,Michaeline,Lewis,mlewishx@goo.ne.jp,Female,229.109.213.199
647,Patrizia,Illingworth,pillingworthhy@senate.gov,Female,228.85.35.115
648,Trey,Margaret,tmargarethz@squarespace.com,Male,74.21.199.90
649,Tyrone,Davis,tdavisi0@amazon.de,Male,249.26.173.177
650,Anderea,Doxey,adoxeyi1@rakuten.co.jp,Female,100.69.24.114
651,Falkner,Rentalll,frentallli2@google.ca,Male,149.203.242.138
652,Ginnie,Gossington,ggossingtoni3@prweb.com,Female,40.126.83.44
653,Robers,O'Lennane,rolennanei4@newsvine.com,Male,72.41.44.103
654,Ellyn,Lelievre,elelievrei5@printfriendly.com,Female,140.37.27.143
655,Ferdy,Slaten,fslateni6@tamu.edu,Male,110.192.213.111
656,Janela,Beurich,jbeurichi7@hc360.com,Female,151.146.219.229
657,Nell,Florentine,nflorentinei8@xinhuanet.com,Female,74.50.185.20
658,Rici,Tash,rtashi9@wunderground.com,Female,188.143.255.109
659,Brandy,Garatty,bgarattyia@telegraph.co.uk,Male,12.5.237.242
660,Leora,Jenken,ljenkenib@wikipedia.org,Female,80.137.40.161
661,Darell,Henker,dhenkeric@cafepress.com,Female,83.135.109.245
662,Nona,Goligher,ngoligherid@bravesites.com,Female,174.120.222.34
663,Daria,Royds,droydsie@soundcloud.com,Female,40.133.142.19
664,Akim,Heinschke,aheinschkeif@people.com.cn,Male,197.55.177.69
665,Isidora,Taillant,itaillantig@wordpress.org,Female,239.229.190.96
666,Keelia,O'Neal,konealih@epa.gov,Female,188.127.0.233
667,Randolph,Landrick,rlandrickii@epa.gov,Male,45.182.175.232
668,Roland,Baudassi,rbaudassiij@go.com,Male,33.217.153.51
669,Dorian,Bottjer,dbottjerik@ftc.gov,Female,240.113.229.101
670,Lamont,Turnbull,lturnbullil@cbc.ca,Male,158.231.221.183
671,Elyse,Grimes,egrimesim@edublogs.org,Female,239.176.227.234
672,Jenelle,Revie,jreviein@bluehost.com,Female,147.51.239.117
673,Ives,Grinstead,igrinsteadio@reference.com,Male,196.113.5.218
674,Grantley,Creaser,gcreaserip@hatena.ne.jp,Male,34.170.80.251
675,Wayne,Rickardes,wrickardesiq@is.gd,Male,185.210.240.174
676,Allyn,Rands,arandsir@timesonline.co.uk,Female,115.230.140.76
677,Krista,Paula,kpaulais@comsenz.com,Female,176.239.166.248
678,Gideon,Saxby,gsaxbyit@thetimes.co.uk,Male,91.45.42.81
679,Riane,Wauchope,rwauchopeiu@youtube.com,Female,250.93.81.56
680,Wyatt,O'Hartigan,wohartiganiv@macromedia.com,Male,49.177.208.157
681,Kelcey,Greenrde,kgreenrdeiw@4shared.com,Female,57.87.245.236
682,Cherilyn,MacIllrick,cmacillrickix@aol.com,Female,101.107.249.142
683,Georgie,Dingwall,gdingwalliy@posterous.com,Male,105.91.134.90
684,Stefano,Hammatt,shammattiz@rakuten.co.jp,Male,77.130.87.42
685,Antonie,Slaney,aslaneyj0@gnu.org,Female,201.242.57.197
686,Eugine,Thomson,ethomsonj1@drupal.org,Female,147.192.84.107
687,Daloris,Warham,dwarhamj2@ehow.com,Female,14.74.95.152
688,Edd,Timcke,etimckej3@tuttocitta.it,Male,151.65.179.24
689,Abby,Mortimer,amortimerj4@tinypic.com,Female,232.142.2.252
690,Konrad,Darrach,kdarrachj5@ifeng.com,Male,192.23.168.219
691,Kelly,Lorie,kloriej6@cnbc.com,Male,16.52.28.28
692,Darrell,Croal,dcroalj7@cbc.ca,Male,143.220.209.51
693,Millisent,Choppen,mchoppenj8@archive.org,Female,163.95.82.14
694,Ollie,Pylkynyton,opylkynytonj9@bbc.co.uk,Female,196.26.79.142
695,Renata,Sherlock,rsherlockja@amazon.co.jp,Female,172.185.76.182
696,Donnie,Mushett,dmushettjb@joomla.org,Female,35.132.142.232
697,Chrystal,Lindup,clindupjc@eepurl.com,Female,105.107.142.32
698,Catherina,Tethacot,ctethacotjd@addthis.com,Female,174.9.208.84
699,Adham,Chesterton,achestertonje@wsj.com,Male,166.110.230.25
700,Janene,Deinert,jdeinertjf@tamu.edu,Female,221.162.113.117
701,Faber,Loxly,floxlyjg@kickstarter.com,Male,160.96.249.123
702,Humfrey,Vasyukhichev,hvasyukhichevjh@dyndns.org,Male,73.68.34.46
703,Janka,Fayter,jfayterji@miitbeian.gov.cn,Female,11.85.34.97
704,Toni,Windybank,twindybankjj@studiopress.com,Female,71.245.51.54
705,Tabatha,Smythin,tsmythinjk@stumbleupon.com,Female,21.124.211.124
706,Tremain,Pedron,tpedronjl@newyorker.com,Male,51.107.93.104
707,Frederique,Casement,fcasementjm@abc.net.au,Female,5.79.141.167
708,Sim,Butlin,sbutlinjn@cbc.ca,Male,111.114.108.32
709,Pippa,Tregunna,ptregunnajo@devhub.com,Female,33.231.48.197
710,Jody,Venour,jvenourjp@google.fr,Male,12.174.158.209
711,Emlen,Basant,ebasantjq@seattletimes.com,Male,215.136.231.135
712,Sonya,Sommerlin,ssommerlinjr@hatena.ne.jp,Female,226.22.124.96
713,Dorri,Kusick,dkusickjs@t-online.de,Female,62.61.133.123
714,Hugues,McQuillin,hmcquillinjt@discovery.com,Male,42.165.190.218
715,Joshua,Sibbert,jsibbertju@europa.eu,Male,84.122.15.38
716,Phil,Dobeson,pdobesonjv@pbs.org,Male,227.79.95.27
717,Jephthah,Merriday,jmerridayjw@admin.ch,Male,215.6.15.92
718,Bronny,Cope,bcopejx@cloudflare.com,Male,77.183.137.67
719,Aldis,Haffenden,ahaffendenjy@noaa.gov,Male,245.196.182.195
720,Isiahi,Copland,icoplandjz@blogger.com,Male,201.205.154.149
721,Elise,Gobell,egobellk0@psu.edu,Female,88.153.20.255
722,Husain,Bever,hbeverk1@google.it,Male,142.172.44.220
723,Ezekiel,Crasford,ecrasfordk2@tiny.cc,Male,254.244.133.52
724,Ashely,Chaddock,achaddockk3@cnn.com,Female,131.24.193.129
725,Erskine,Croley,ecroleyk4@digg.com,Male,30.64.91.121
726,Ula,Cerro,ucerrok5@usnews.com,Female,202.159.227.210
727,Urbanus,Lauxmann,ulauxmannk6@a8.net,Male,167.11.182.170
728,Asher,Spottiswoode,aspottiswoodek7@discuz.net,Male,112.84.155.137
729,Astra,Hollingsby,ahollingsbyk8@bandcamp.com,Female,240.139.165.137
730,Nettie,Hofler,nhoflerk9@alexa.com,Female,123.31.28.114
731,Elissa,Vaszoly,evaszolyka@bizjournals.com,Female,236.26.123.31
732,Evy,Aim,eaimkb@psu.edu,Female,183.109.90.173
733,Earle,Steggals,esteggalskc@indiatimes.com,Male,176.100.218.134
734,Bastian,Lukasik,blukasikkd@webeden.co.uk,Male,111.2.8.231
735,Sherline,Conring,sconringke@ucoz.ru,Female,166.182.68.165
736,Maxy,Krzysztofiak,mkrzysztofiakkf@techcrunch.com,Male,192.207.232.242
737,Kelli,Beardwell,kbeardwellkg@mapy.cz,Female,147.113.12.184
738,Abba,Phippard,aphippardkh@mayoclinic.com,Male,138.134.175.201
739,Cleo,Otton,cottonki@t-online.de,Female,163.21.22.141
740,Eric,Buttle,ebuttlekj@businessinsider.com,Male,215.32.8.137
741,Sullivan,Attkins,sattkinskk@google.ca,Male,241.123.72.60
742,Zaneta,Riveles,zriveleskl@photobucket.com,Female,65.175.150.186
743,Violante,Chern,vchernkm@creativecommons.org,Female,185.8.93.170
744,Hamnet,Sancho,hsanchokn@imdb.com,Male,151.4.182.160
745,Barnett,Sheather,bsheatherko@reuters.com,Male,226.254.6.9
746,Jaclyn,Iceton,jicetonkp@skyrock.com,Female,48.226.207.108
747,Patsy,O'Noulane,ponoulanekq@last.fm,Male,155.29.201.89
748,Emelyne,Gownge,egowngekr@fotki.com,Female,185.161.62.38
749,Klarika,Dunrige,kdunrigeks@wufoo.com,Female,150.75.186.71
750,Casi,Glen,cglenkt@vistaprint.com,Female,132.145.79.210
751,Lois,Creaney,lcreaneyku@so-net.ne.jp,Female,14.2.250.206
752,Edgardo,Measor,emeasorkv@cbc.ca,Male,149.94.15.51
753,Jacquenetta,Rowlin,jrowlinkw@dailymotion.com,Female,187.138.232.246
754,Vasilis,Marham,vmarhamkx@buzzfeed.com,Male,107.36.95.48
755,Beauregard,Charlwood,bcharlwoodky@skype.com,Male,197.240.160.249
756,Denny,Glidder,dglidderkz@latimes.com,Female,0.129.6.4
757,Sam,Height,sheightl0@fda.gov,Male,245.101.66.99
758,Wyatan,Lannon,wlannonl1@army.mil,Male,202.140.169.26
759,Dion,Thow,dthowl2@blog.com,Male,37.91.170.51
760,Lacee,Vanyard,lvanyardl3@cbslocal.com,Female,249.124.4.175
761,Aleda,Ruddin,aruddinl4@spotify.com,Female,35.167.172.58
762,Duky,Olsen,dolsenl5@deliciousdays.com,Male,73.160.95.53
763,Roseann,Dyble,rdyblel6@yellowbook.com,Female,75.237.182.126
764,Georgine,Feldhorn,gfeldhornl7@cnet.com,Female,121.26.108.224
765,Ignatius,Staniforth,istaniforthl8@gravatar.com,Male,34.101.115.92
766,Gussy,Wasson,gwassonl9@surveymonkey.com,Female,205.109.239.107
767,Billye,Castanaga,bcastanagala@yale.edu,Female,249.203.110.245
768,Brenn,Hayers,bhayerslb@google.com,Female,229.254.52.153
769,Heath,Jertz,hjertzlc@soundcloud.com,Female,45.179.105.210
770,Obed,Seals,osealsld@wix.com,Male,143.220.195.54
771,Alleen,Fiveash,afiveashle@nba.com,Female,54.89.230.171
772,Madelle,Ledwidge,mledwidgelf@mozilla.com,Female,26.175.37.117
773,Tania,Teodorski,tteodorskilg@istockphoto.com,Female,132.161.232.38
774,Merrel,Blakey,mblakeylh@google.nl,Male,157.237.149.191
775,Elisha,Purle,epurleli@tripadvisor.com,Female,221.76.237.177
776,Renelle,Lemary,rlemarylj@mapquest.com,Female,194.170.249.186
777,Stephan,Pothecary,spothecarylk@netvibes.com,Male,94.209.249.217
778,Rudolph,Bullin,rbullinll@theatlantic.com,Male,45.98.234.0
779,Joe,Poizer,jpoizerlm@noaa.gov,Male,188.201.153.12
780,Freida,Ruddoch,fruddochln@addthis.com,Female,161.38.146.165
781,Bobine,Rosone,brosonelo@wisc.edu,Female,22.201.174.144
782,Prudence,Morriss,pmorrisslp@taobao.com,Female,74.100.192.225
783,Sibel,Chaplain,schaplainlq@ning.com,Female,39.8.232.0
784,Maurene,Brookton,mbrooktonlr@google.it,Female,88.173.181.63
785,Colline,Minchenton,cminchentonls@squidoo.com,Female,141.214.121.101
786,Manolo,D'Aguanno,mdaguannolt@bloomberg.com,Male,0.187.195.92
787,Sky,Vynarde,svynardelu@ehow.com,Male,91.226.92.141
788,Francklyn,Aynsley,faynsleylv@home.pl,Male,93.243.73.187
789,Vanni,McKechnie,vmckechnielw@mit.edu,Female,245.137.158.188
790,Avrit,Cleyne,acleynelx@dedecms.com,Female,49.180.94.231
791,Hillery,Rastall,hrastallly@google.pl,Male,199.153.63.141
792,Terrel,Cato,tcatolz@cisco.com,Male,126.147.117.56
793,Eleonora,Dourin,edourinm0@craigslist.org,Female,155.87.72.63
794,Niles,Carvil,ncarvilm1@t.co,Male,148.22.33.136
795,Micheil,Bowery,mbowerym2@auda.org.au,Male,67.33.159.77
796,Laraine,Yantsurev,lyantsurevm3@networkadvertising.org,Female,149.82.197.204
797,Lisette,Jakubowicz,ljakubowiczm4@sogou.com,Female,94.73.59.135
798,Bibbye,Guerreru,bguerrerum5@omniture.com,Female,30.20.156.39
799,Greg,Marks,gmarksm6@apache.org,Male,177.161.213.11
800,Gladys,Board,gboardm7@gravatar.com,Female,253.169.142.79
801,Rosalind,Hasnney,rhasnneym8@cnet.com,Female,233.179.157.51
802,Elle,Brend,ebrendm9@slashdot.org,Female,170.244.17.213
803,Edythe,Lowde,elowdema@mapquest.com,Female,173.64.208.25
804,Art,Virgo,avirgomb@gnu.org,Male,213.42.36.17
805,Hallsy,Corselles,hcorsellesmc@disqus.com,Male,249.242.146.106
806,Radcliffe,Hidderley,rhidderleymd@senate.gov,Male,246.112.147.251
807,Arvie,Gilliland,agillilandme@wikia.com,Male,66.77.62.227
808,Mitch,Gaynsford,mgaynsfordmf@google.com.hk,Male,79.31.230.187
809,Lucius,Skim,lskimmg@etsy.com,Male,81.216.70.72
810,Morty,Rentoll,mrentollmh@house.gov,Male,43.194.192.129
811,Parker,Petricek,ppetricekmi@meetup.com,Male,99.47.118.122
812,Web,Malletratt,wmalletrattmj@businessweek.com,Male,152.33.196.213
813,Valentine,Leadley,vleadleymk@paginegialle.it,Male,119.230.30.232
814,Gardie,Neles,gnelesml@istockphoto.com,Male,33.157.150.3
815,Riannon,Habeshaw,rhabeshawmm@arizona.edu,Female,211.101.2.65
816,Jacky,Gulvin,jgulvinmn@multiply.com,Male,41.153.175.17
817,Percy,Wallwood,pwallwoodmo@merriam-webster.com,Male,82.163.122.163
818,Claudius,Hammelberg,chammelbergmp@umn.edu,Male,155.92.196.57
819,Esta,Motte,emottemq@berkeley.edu,Female,68.49.36.75
820,Olia,McIlveen,omcilveenmr@cafepress.com,Female,120.182.226.183
821,Orelia,Woolham,owoolhamms@mediafire.com,Female,32.43.110.147
822,Arlen,Evill,aevillmt@bandcamp.com,Male,223.175.145.142
823,Brittni,Burril,bburrilmu@mit.edu,Female,27.47.75.21
824,Zebadiah,Savaage,zsavaagemv@vinaora.com,Male,202.138.81.74
825,Malia,Yakubovics,myakubovicsmw@hugedomains.com,Female,84.211.60.21
826,Ewell,Woodrooffe,ewoodrooffemx@cmu.edu,Male,149.228.62.235
827,Townie,Linnemann,tlinnemannmy@microsoft.com,Male,145.243.217.32
828,Vincents,Tidy,vtidymz@go.com,Male,218.107.224.11
829,Lombard,Whitticks,lwhitticksn0@blogs.com,Male,5.36.68.109
830,Barnebas,Jenkin,bjenkinn1@wordpress.com,Male,35.221.66.28
831,Gay,Cowdrey,gcowdreyn2@cam.ac.uk,Female,78.225.155.138
832,Brianne,Hasney,bhasneyn3@stanford.edu,Female,86.116.15.19
833,Stillman,Seivertsen,sseivertsenn4@theatlantic.com,Male,200.251.212.210
834,Piggy,Dongall,pdongalln5@oakley.com,Male,49.18.22.101
835,Corette,Blanch,cblanchn6@youtube.com,Female,28.180.14.242
836,Shayna,Ciccarelli,sciccarellin7@qq.com,Female,20.238.132.141
837,Tyrus,Teers,tteersn8@fastcompany.com,Male,108.41.23.135
838,Armin,Konertz,akonertzn9@blinklist.com,Male,77.217.68.196
839,Keefe,Kristoffersen,kkristoffersenna@auda.org.au,Male,40.39.196.193
840,Tamas,Ferrero,tferreronb@wikipedia.org,Male,187.213.21.170
841,Major,Calyton,mcalytonnc@soup.io,Male,120.117.255.168
842,Gus,Turnpenny,gturnpennynd@alibaba.com,Male,139.6.254.125
843,Zsa zsa,Haycroft,zhaycroftne@cnbc.com,Female,212.99.167.211
844,Vincent,Worters,vwortersnf@wufoo.com,Male,181.88.249.28
845,Annnora,Jedraszczyk,ajedraszczykng@comsenz.com,Female,146.195.72.215
846,Roley,Dixie,rdixienh@ihg.com,Male,143.233.55.228
847,Berti,Macon,bmaconni@angelfire.com,Female,101.51.189.186
848,Parry,Lamplough,plamploughnj@jimdo.com,Male,119.160.67.184
849,Pippo,Tinker,ptinkernk@photobucket.com,Male,25.206.253.81
850,Odille,McGriffin,omcgriffinnl@paypal.com,Female,9.78.227.42
851,Gerrilee,Kitcatt,gkitcattnm@themeforest.net,Female,136.36.173.203
852,Dulcy,Paley,dpaleynn@aol.com,Female,150.27.109.91
853,Kiley,Forrestall,kforrestallno@ebay.co.uk,Male,24.3.80.103
854,Templeton,Akett,takettnp@noaa.gov,Male,233.67.48.254
855,Fernandina,Concklin,fconcklinnq@usatoday.com,Female,236.250.218.213
856,Happy,Pley,hpleynr@dropbox.com,Female,238.146.7.1
857,Aviva,O'Heffernan,aoheffernanns@drupal.org,Female,34.128.65.57
858,Barbara,Bull,bbullnt@yolasite.com,Female,20.74.43.72
859,Marshall,Kennefick,mkenneficknu@webnode.com,Male,58.210.165.68
860,Pia,Tunno,ptunnonv@house.gov,Female,31.184.90.82
861,Enrico,Vlasin,evlasinnw@fc2.com,Male,252.65.3.60
862,Shurwood,Causon,scausonnx@pagesperso-orange.fr,Male,89.200.221.177
863,Marty,Caberas,mcaberasny@pbs.org,Female,104.23.163.190
864,Lanie,Le Breton,llebretonnz@yale.edu,Male,49.51.32.179
865,Clemmy,Lodin,clodino0@creativecommons.org,Female,219.163.229.137
866,Leon,Haxbie,lhaxbieo1@devhub.com,Male,216.221.187.141
867,Whitney,Kollasch,wkollascho2@bbc.co.uk,Male,17.169.52.198
868,Rayner,Curphey,rcurpheyo3@cargocollective.com,Male,207.184.35.1
869,Carmencita,Hallut,challuto4@businessinsider.com,Female,20.75.96.73
870,Bess,Bloor,bblooro5@narod.ru,Female,171.188.53.206
871,Hildegarde,Trembley,htrembleyo6@google.it,Female,219.182.233.249
872,Myrtia,Geill,mgeillo7@myspace.com,Female,94.35.52.228
873,Jenn,Croker,jcrokero8@harvard.edu,Female,50.142.93.187
874,Elbertina,Elldred,eelldredo9@qq.com,Female,171.82.60.164
875,Yves,Ireland,yirelandoa@devhub.com,Male,28.255.181.175
876,Elene,Manilow,emanilowob@domainmarket.com,Female,133.40.71.3
877,Morten,Gowers,mgowersoc@barnesandnoble.com,Male,92.156.125.222
878,Cybil,Durnian,cdurnianod@wikispaces.com,Female,112.83.9.88
879,Florette,Dockrey,fdockreyoe@smugmug.com,Female,11.56.249.194
880,Vidovik,Alliott,valliottof@cpanel.net,Male,238.106.125.11
881,Mort,McQuilkin,mmcquilkinog@vinaora.com,Male,65.123.129.96
882,Moise,Wycherley,mwycherleyoh@sbwire.com,Male,219.115.163.68
883,Cyrus,Crimes,ccrimesoi@prlog.org,Male,39.189.5.19
884,Huntlee,Brandle,hbrandleoj@csmonitor.com,Male,56.60.194.220
885,Giustina,Goschalk,ggoschalkok@fc2.com,Female,196.150.239.192
886,Donia,Fabbri,dfabbriol@cam.ac.uk,Female,117.4.177.196
887,Loni,Shieldon,lshieldonom@microsoft.com,Female,134.117.45.174
888,Andie,Lartice,alarticeon@mashable.com,Male,10.192.228.103
889,Esdras,Steeden,esteedenoo@ycombinator.com,Male,167.89.186.175
890,Boycey,Le Ball,bleballop@taobao.com,Male,160.116.90.140
891,Jeffy,Vala,jvalaoq@last.fm,Male,183.224.162.129
892,Maude,Dunthorn,mdunthornor@nps.gov,Female,243.183.202.7
893,Harriett,Dightham,hdighthamos@dmoz.org,Female,201.214.59.102
894,Esmeralda,Londors,elondorsot@ow.ly,Female,108.182.94.86
895,Gianina,Osban,gosbanou@google.cn,Female,47.94.194.186
896,Chickie,Chippindale,cchippindaleov@bandcamp.com,Female,124.173.255.201
897,Madelon,Chad,mchadow@shinystat.com,Female,102.28.29.34
898,Jelene,Clapison,jclapisonox@patch.com,Female,170.182.192.216
899,Laurice,Dennistoun,ldennistounoy@utexas.edu,Female,114.210.167.152
900,Berkley,Rummins,brumminsoz@irs.gov,Male,149.222.120.171
901,Tiler,Weddup,tweddupp0@usda.gov,Male,92.222.105.13
902,Jerald,Plet,jpletp1@yellowpages.com,Male,76.217.188.14
903,Max,Woolaston,mwoolastonp2@qq.com,Male,172.180.114.94
904,Cornelia,Deer,cdeerp3@tamu.edu,Female,225.17.96.153
905,Krishnah,Gradwell,kgradwellp4@archive.org,Male,40.163.113.252
906,Bentley,Iacavone,biacavonep5@over-blog.com,Male,133.60.90.159
907,Danya,Boog,dboogp6@youku.com,Male,172.174.41.46
908,Bea,Jinkinson,bjinkinsonp7@istockphoto.com,Female,38.173.238.227
909,Alex,Sergison,asergisonp8@usda.gov,Female,173.43.100.195
910,Norbert,Flight,nflightp9@blogtalkradio.com,Male,153.22.50.65
911,Audra,Henstone,ahenstonepa@umich.edu,Female,225.189.96.182
912,Ninetta,Van Cassel,nvancasselpb@businesswire.com,Female,45.16.215.0
913,Kristofor,Thandi,kthandipc@bloomberg.com,Male,3.39.43.253
914,Farris,Levesque,flevesquepd@t-online.de,Male,226.107.207.52
915,Kaia,Markie,kmarkiepe@cargocollective.com,Female,139.211.71.177
916,Randall,Kepling,rkeplingpf@bloglovin.com,Male,212.74.132.238
917,Barbi,Hamlet,bhamletpg@flickr.com,Female,91.64.57.187
918,Christophorus,Dimitrijevic,cdimitrijevicph@instagram.com,Male,192.47.149.79
919,Angel,Finessy,afinessypi@eepurl.com,Male,35.97.186.42
920,Norman,Allcorn,nallcornpj@t-online.de,Male,92.30.29.221
921,Cecile,Curuclis,ccuruclispk@aboutads.info,Female,72.186.216.142
922,Helga,Philpot,hphilpotpl@cbslocal.com,Female,116.56.158.214
923,Eric,Gorman,egormanpm@senate.gov,Male,154.181.246.47
924,Fredelia,Tebbut,ftebbutpn@privacy.gov.au,Female,241.105.204.75
925,Maritsa,Lange,mlangepo@oakley.com,Female,222.180.163.254
926,Bordy,Cridlan,bcridlanpp@shinystat.com,Male,26.100.169.94
927,Giles,Baskeyfied,gbaskeyfiedpq@freewebs.com,Male,110.241.12.157
928,Michaeline,Swaffer,mswafferpr@1und1.de,Female,246.182.167.153
929,Conan,Whebell,cwhebellps@webs.com,Male,201.131.231.31
930,Meredeth,Lunt,mluntpt@theatlantic.com,Male,60.66.77.192
931,Halimeda,Marshal,hmarshalpu@people.com.cn,Female,156.99.14.102
932,Jimmy,Tucknutt,jtucknuttpv@answers.com,Male,74.61.132.15
933,Alasteir,Kinze,akinzepw@jalbum.net,Male,71.201.51.199
934,Gillie,Wilcocke,gwilcockepx@go.com,Female,125.131.187.151
935,Gilberte,Fury,gfurypy@cbslocal.com,Female,4.58.225.250
936,Mario,Streak,mstreakpz@apache.org,Male,25.155.47.128
937,Henderson,Pogg,hpoggq0@newsvine.com,Male,183.74.216.201
938,Garnet,Dowling,gdowlingq1@blinklist.com,Female,194.154.19.42
939,Lin,Freckelton,lfreckeltonq2@cloudflare.com,Male,25.66.230.57
940,Geno,Kinde,gkindeq3@nymag.com,Male,56.218.99.95
941,Nevile,Monkman,nmonkmanq4@ehow.com,Male,225.91.46.22
942,Nonnah,Verdey,nverdeyq5@amazon.co.jp,Female,215.130.46.180
943,Benn,Byrd,bbyrdq6@com.com,Male,9.3.200.180
944,Gale,Noriega,gnoriegaq7@statcounter.com,Male,153.43.90.120
945,Gallagher,Yearron,gyearronq8@examiner.com,Male,195.234.52.34
946,Carmencita,Luckcock,cluckcockq9@ihg.com,Female,168.5.182.233
947,Hurley,Sowthcote,hsowthcoteqa@photobucket.com,Male,92.13.19.153
948,Ganny,Grzesiewicz,ggrzesiewiczqb@howstuffworks.com,Male,166.60.121.150
949,Mace,Reidshaw,mreidshawqc@epa.gov,Male,184.19.13.207
950,Thomas,Twinning,ttwinningqd@reverbnation.com,Male,19.44.114.196
951,Cad,Heathorn,cheathornqe@tinyurl.com,Male,109.135.239.89
952,Conny,Cherm,cchermqf@guardian.co.uk,Female,196.54.196.209
953,Osbourn,Jeayes,ojeayesqg@sohu.com,Male,42.148.81.227
954,Kincaid,Pedley,kpedleyqh@ovh.net,Male,252.213.216.220
955,Trueman,Comerford,tcomerfordqi@youku.com,Male,118.47.125.163
956,Jerri,Fanner,jfannerqj@mozilla.com,Male,73.153.214.10
957,Ingelbert,Afonso,iafonsoqk@omniture.com,Male,56.145.215.146
958,Seka,Kernan,skernanql@histats.com,Female,176.71.72.191
959,Pebrook,Agglione,pagglioneqm@webmd.com,Male,54.255.236.140
960,Briano,De Cleyne,bdecleyneqn@ihg.com,Male,72.69.81.21
961,Maddy,Oldford,moldfordqo@state.tx.us,Male,10.23.239.177
962,Vera,Lambis,vlambisqp@netlog.com,Female,253.151.78.46
963,Ruthie,Ind,rindqq@ask.com,Female,61.145.96.25
964,Denis,Shearn,dshearnqr@time.com,Male,22.33.80.0
965,Rhody,Ferguson,rfergusonqs@vimeo.com,Female,193.177.199.226
966,Mack,Heinsh,mheinshqt@paginegialle.it,Male,11.108.246.15
967,Thekla,Bozier,tbozierqu@typepad.com,Female,59.97.147.104
968,Kareem,Lowater,klowaterqv@histats.com,Male,124.30.157.175
969,Benoite,Souley,bsouleyqw@blinklist.com,Female,98.30.236.213
970,Dallas,Marsden,dmarsdenqx@1und1.de,Female,108.235.102.25
971,Doe,Messiter,dmessiterqy@yahoo.com,Female,214.217.100.144
972,Darla,Zoppie,dzoppieqz@booking.com,Female,126.131.198.41
973,Danny,Worling,dworlingr0@apple.com,Male,80.37.223.102
974,Lance,Denney,ldenneyr1@wired.com,Male,74.5.148.86
975,Jeno,Calderon,jcalderonr2@seesaa.net,Male,112.225.81.193
976,Abbot,La Grange,alagranger3@hubpages.com,Male,84.131.20.101
977,Regina,McAuley,rmcauleyr4@twitter.com,Female,16.28.125.2
978,Herby,Jancic,hjancicr5@cdbaby.com,Male,83.140.17.63
979,Stesha,Christmas,schristmasr6@51.la,Female,21.238.193.202
980,Cully,Panter,cpanterr7@google.co.jp,Male,88.100.166.158
981,Todd,Rekes,trekesr8@google.cn,Male,243.148.177.134
982,Nico,Ryal,nryalr9@pcworld.com,Male,120.193.248.106
983,Myer,Redparth,mredparthra@jiathis.com,Male,27.230.42.139
984,Vaughn,Riba,vribarb@dedecms.com,Male,174.230.195.73
985,Zacherie,Ruffey,zruffeyrc@spotify.com,Male,249.246.155.124
986,Parsifal,Petche,ppetcherd@usda.gov,Male,129.203.220.51
987,Bathsheba,Harcourt,bharcourtre@wikipedia.org,Female,203.7.158.17
988,Daryle,Petrusch,dpetruschrf@tiny.cc,Male,121.13.212.126
989,Brian,Jasik,bjasikrg@1688.com,Male,10.58.134.192
990,Judon,Parnham,jparnhamrh@shop-pro.jp,Male,151.224.191.147
991,Hastie,Kynett,hkynettri@sogou.com,Male,234.40.195.144
992,Emmie,Doulton,edoultonrj@unc.edu,Female,10.247.163.159
993,Richie,Savine,rsavinerk@tumblr.com,Male,166.21.53.36
994,Jo,Strettle,jstrettlerl@unblog.fr,Female,51.247.64.193
995,Wilow,Dundredge,wdundredgerm@ezinearticles.com,Female,209.143.114.68
996,Ealasaid,Jeffrey,ejeffreyrn@howstuffworks.com,Female,161.77.72.64
997,Margalit,Sinnott,msinnottro@youku.com,Female,11.162.149.196
998,Candy,Gherardini,cgherardinirp@freewebs.com,Female,129.187.139.150
999,Terrie,Lantoph,tlantophrq@macromedia.com,Female,194.193.146.70
1000,Sapphira,McGougan,smcgouganrr@vkontakte.ru,Female,88.110.220.139
